<?xml version="1.0" encoding="UTF-8" standalone="yes"?>
<service xmlns:ns2="http://www.ibm.com/ims/Transaction">
    <shallow>true</shallow>
    <serviceName>CICSClaimsService</serviceName>
    <serviceType>ims-rest</serviceType>
    <resourceType>TRAN</resourceType>
    <status>1</status>
    <conversionType>3</conversionType>
    <dataProtocol>0</dataProtocol>
    <serviceInputInterface>
        <metadataName>ClaimsInput.si</metadataName>
        <serviceInterface>
            <interface>
                <segment segmentName="CLAIMCI0_CONT">
                    <interfaceField included="Y" fieldName="REQ_CLAIM_CONTAINER">
                        <field included="Y" fieldName="REQ_CLAIM_RECORD">
                            <field included="Y" fieldName="ClaimID" isHex="false"/>
                            <field included="Y" fieldName="REQ_CLAIM_DETAILS">
<field included="Y" fieldName="ClaimType" isHex="false"/>
<field included="Y" fieldName="ClaimAmount" isHex="false"/>
<field included="Y" fieldName="ServiceDate" isHex="false"/>
<field included="Y" fieldName="Description" isHex="false"/>
<field included="Y" fieldName="ServiceProvider" isHex="false"/>
<field included="Y" fieldName="StatusUpdate" isHex="false"/>
                            </field>
                        </field>
                        <field included="Y" fieldName="ActionType" isHex="false"/>
                    </interfaceField>
                </segment>
            </interface>
        </serviceInterface>
        <version>0</version>
    </serviceInputInterface>
    <serviceOutputInterface>
        <metadataName>ClaimsOutput.si</metadataName>
        <serviceInterface>
            <interface>
                <segment segmentName="CLAIMCI0_CONT">
                    <interfaceField included="Y" fieldName="RSP_CLAIM_CONTAINER">
                        <field included="Y" fieldName="RSP_CLAIM_RECORD">
                            <field included="Y" fieldName="ClaimID" isHex="false"/>
                            <field included="Y" fieldName="RSP_CLAIM_DETAILS">
<field included="Y" fieldName="ClaimType" isHex="false"/>
<field included="Y" fieldName="ClaimAmount" isHex="false"/>
<field included="Y" fieldName="ServiceDate" isHex="false"/>
<field included="Y" fieldName="Description" isHex="false"/>
<field included="Y" fieldName="ServiceProvider" isHex="false"/>
<field included="Y" fieldName="ClaimStatus" isHex="false"/>
                            </field>
                        </field>
                        <field included="Y" fieldName="CICSResponseCode" isHex="false"/>
                        <field included="Y" fieldName="CICSResponseCode2" isHex="false"/>
                        <field included="Y" fieldName="OutputMessage" isHex="false"/>
                    </interfaceField>
                </segment>
            </interface>
        </serviceInterface>
        <version>0</version>
    </serviceOutputInterface>
    <applicationDataStructureType>Map</applicationDataStructureType>
    <messageVisitorRuntimeType>CICS_CHANNEL</messageVisitorRuntimeType>
    <ccsid>IBM037</ccsid>
    <totalExecCount>0</totalExecCount>
    <failedCount>0</failedCount>
    <trancodeOverride>CLAIMCI0</trancodeOverride>
    <trimOutputLeadingWhitespace>false</trimOutputLeadingWhitespace>
    <trimOutputTrailingWhitespace>true</trimOutputTrailingWhitespace>
    <escapeOutputControlCharacters>false</escapeOutputControlCharacters>
    <initializeInputFields>false</initializeInputFields>
    <omitOutputFieldsByValue>false</omitOutputFieldsByValue>
    <omitOutputFieldsByValueByte>0x00</omitOutputFieldsByValueByte>
    <omitOutputEmptyTags>false</omitOutputEmptyTags>
    <enforceMinArrayOccurrence>false</enforceMinArrayOccurrence>
    <enforceMinArrayOccurrenceResponse>false</enforceMinArrayOccurrenceResponse>
</service>
