{
  "type" : "object",
  "properties" : {
    "CICSClaimsServiceOperation" : {
      "type" : "object",
      "properties" : {
        "CLAIMCI0_CONT" : {
          "type" : "object",
          "properties" : {
            "REQ_CLAIM_CONTAINER" : {
              "type" : "object",
              "properties" : {
                "REQ_CLAIM_RECORD" : {
                  "type" : "object",
                  "properties" : {
                    "ClaimID" : {
                      "maxLength" : 8,
                      "type" : "string",
                      "description" : "An 8-character claim ID used as key for searching the record (VSAM file)."
                    },
                    "REQ_CLAIM_DETAILS" : {
                      "type" : "object",
                      "properties" : {
                        "ClaimType" : {
                          "maxLength" : 8,
                          "type" : "string",
                          "description" : "Valid claim types are DENTAL, DRUG and MEDICAL."
                        },
                        "ClaimAmount" : {
                          "type" : "number",
                          "format" : "double",
                          "description" : "The total amount of the claim to be submitted."
                        },
                        "ServiceDate" : {
                          "maxLength" : 10,
                          "type" : "string",
                          "description" : "The date when service was performed in the form of mm/dd/yyyy."
                        },
                        "Description" : {
                          "maxLength" : 21,
                          "type" : "string",
                          "description" : "A description of the claim being submitted."
                        },
                        "ServiceProvider" : {
                          "maxLength" : 21,
                          "type" : "string",
                          "description" : "The name of the service provider or name of pharmacy."
                        },
                        "StatusUpdate" : {
                          "maxLength" : 4,
                          "type" : "string"
                        }
                      }
                    }
                  }
                },
                "ActionType" : {
                  "maxLength" : 1,
                  "type" : "string",
                  "description" : "Valid action types are R for READ, S for SUBMIT and U for UPDATE."
                }
              }
            }
          }
        }
      },
      "required" : [ "CLAIMCI0_CONT" ]
    }
  }
}
