{
  "type" : "object",
  "properties" : {
    "CICSClaimsServiceOperationResponse" : {
      "type" : "object",
      "properties" : {
        "CLAIMCI0_CONT" : {
          "type" : "object",
          "properties" : {
            "RSP_CLAIM_CONTAINER" : {
              "type" : "object",
              "properties" : {
                "RSP_CLAIM_RECORD" : {
                  "type" : "object",
                  "properties" : {
                    "ClaimID" : {
                      "maxLength" : 8,
                      "type" : "string"
                    },
                    "RSP_CLAIM_DETAILS" : {
                      "type" : "object",
                      "properties" : {
                        "ClaimType" : {
                          "maxLength" : 8,
                          "type" : "string"
                        },
                        "ClaimAmount" : {
                          "type" : "number",
                          "format" : "double"
                        },
                        "ServiceDate" : {
                          "maxLength" : 10,
                          "type" : "string"
                        },
                        "Description" : {
                          "maxLength" : 21,
                          "type" : "string"
                        },
                        "ServiceProvider" : {
                          "maxLength" : 21,
                          "type" : "string"
                        },
                        "ClaimStatus" : {
                          "maxLength" : 4,
                          "type" : "string"
                        }
                      }
                    }
                  }
                },
                "CICSResponseCode" : {
                  "minimum" : -99999999,
                  "maximum" : 99999999,
                  "type" : "integer"
                },
                "CICSResponseCode2" : {
                  "minimum" : -99999999,
                  "maximum" : 99999999,
                  "type" : "integer"
                },
                "OutputMessage" : {
                  "maxLength" : 80,
                  "type" : "string"
                }
              }
            }
          }
        }
      },
      "required" : [ "CLAIMCI0_CONT" ]
    }
  }
}
