{
  "swagger" : "2.0",
  "info" : {
    "description" : "Sample REST API for calling the CICS claims program CLAIMSCI0.  The program is exposed as REST API (inbound) and also calls a REST API (outbound) to determine if a claim is automatically approved or require further review.",
    "version" : "1.0.0",
    "title" : "cicsClaimsAPI"
  },
  "host" : "localhost:8080",
  "basePath" : "/cics/health",
  "schemes" : [ "https", "http" ],
  "consumes" : [ "application/json" ],
  "produces" : [ "application/json" ],
  "paths" : {
    "/claim/status" : {
      "put" : {
        "tags" : [ "cicsClaimsAPI" ],
        "operationId" : "putCICSClaimsService",
        "parameters" : [ {
          "name" : "Authorization",
          "in" : "header",
          "required" : false,
          "type" : "string"
        }, {
          "name" : "claimID",
          "in" : "query",
          "required" : true,
          "type" : "string",
          "maxLength" : 8
        }, {
          "name" : "claimStatus",
          "in" : "query",
          "required" : true,
          "type" : "string",
          "maxLength" : 4
        } ],
        "responses" : {
          "200" : {
            "description" : "OK",
            "schema" : {
              "$ref" : "#/definitions/putCICSClaimsService_response_200"
            }
          }
        }
      }
    },
    "/claims/{claimID}" : {
      "get" : {
        "tags" : [ "cicsClaimsAPI" ],
        "operationId" : "getCICSClaimsService",
        "parameters" : [ {
          "name" : "Authorization",
          "in" : "header",
          "required" : false,
          "type" : "string"
        }, {
          "name" : "claimID",
          "in" : "path",
          "required" : true,
          "type" : "string",
          "maxLength" : 8
        } ],
        "responses" : {
          "200" : {
            "description" : "OK",
            "schema" : {
              "$ref" : "#/definitions/getCICSClaimsService_response_200"
            }
          }
        }
      },
      "post" : {
        "tags" : [ "cicsClaimsAPI" ],
        "operationId" : "postCICSClaimsService",
        "parameters" : [ {
          "name" : "Authorization",
          "in" : "header",
          "required" : false,
          "type" : "string"
        }, {
          "name" : "claimID",
          "in" : "path",
          "required" : true,
          "type" : "string",
          "maxLength" : 8
        }, {
          "in" : "body",
          "name" : "postCICSClaimsService_request",
          "description" : "request body",
          "required" : true,
          "schema" : {
            "$ref" : "#/definitions/postCICSClaimsService_request"
          }
        } ],
        "responses" : {
          "200" : {
            "description" : "OK",
            "schema" : {
              "$ref" : "#/definitions/postCICSClaimsService_response_200"
            }
          }
        }
      }
    }
  },
  "definitions" : {
    "postCICSClaimsService_request" : {
      "type" : "object",
      "properties" : {
        "CICSClaimsServiceOperation" : {
          "type" : "object",
          "properties" : {
            "CLAIMCI0_CONT" : {
              "type" : "object",
              "properties" : {
                "REQ_CLAIM_CONTAINER" : {
                  "type" : "object",
                  "properties" : {
                    "REQ_CLAIM_RECORD" : {
                      "type" : "object",
                      "properties" : {
                        "REQ_CLAIM_DETAILS" : {
                          "type" : "object",
                          "properties" : {
                            "ClaimType" : {
                              "type" : "string",
                              "description" : "Valid claim types are DENTAL, DRUG and MEDICAL.",
                              "maxLength" : 8
                            },
                            "ClaimAmount" : {
                              "type" : "number",
                              "format" : "double",
                              "description" : "The total amount of the claim to be submitted."
                            },
                            "ServiceDate" : {
                              "type" : "string",
                              "description" : "The date when service was performed in the form of mm/dd/yyyy.",
                              "maxLength" : 10
                            },
                            "Description" : {
                              "type" : "string",
                              "description" : "A description of the claim being submitted.",
                              "maxLength" : 21
                            },
                            "ServiceProvider" : {
                              "type" : "string",
                              "description" : "The name of the service provider or name of pharmacy.",
                              "maxLength" : 21
                            }
                          }
                        }
                      }
                    }
                  }
                }
              }
            }
          },
          "required" : [ "CLAIMCI0_CONT" ]
        }
      }
    },
    "postCICSClaimsService_response_200" : {
      "type" : "object",
      "properties" : {
        "CICSClaimsServiceOperationResponse" : {
          "type" : "object",
          "properties" : {
            "CLAIMCI0_CONT" : {
              "type" : "object",
              "properties" : {
                "RSP_CLAIM_CONTAINER" : {
                  "type" : "object",
                  "properties" : {
                    "RSP_CLAIM_RECORD" : {
                      "type" : "object",
                      "properties" : {
                        "ClaimID" : {
                          "type" : "string",
                          "maxLength" : 8
                        },
                        "RSP_CLAIM_DETAILS" : {
                          "type" : "object",
                          "properties" : {
                            "ClaimType" : {
                              "type" : "string",
                              "maxLength" : 8
                            },
                            "ClaimAmount" : {
                              "type" : "number",
                              "format" : "double"
                            },
                            "ServiceDate" : {
                              "type" : "string",
                              "maxLength" : 10
                            },
                            "Description" : {
                              "type" : "string",
                              "maxLength" : 21
                            },
                            "ServiceProvider" : {
                              "type" : "string",
                              "maxLength" : 21
                            },
                            "ClaimStatus" : {
                              "type" : "string",
                              "maxLength" : 4
                            }
                          }
                        }
                      }
                    },
                    "CICSResponseCode" : {
                      "type" : "integer",
                      "minimum" : -99999999,
                      "maximum" : 99999999
                    },
                    "CICSResponseCode2" : {
                      "type" : "integer",
                      "minimum" : -99999999,
                      "maximum" : 99999999
                    },
                    "OutputMessage" : {
                      "type" : "string",
                      "maxLength" : 80
                    }
                  }
                }
              }
            }
          },
          "required" : [ "CLAIMCI0_CONT" ]
        }
      }
    },
    "getCICSClaimsService_response_200" : {
      "type" : "object",
      "properties" : {
        "CICSClaimsServiceOperationResponse" : {
          "type" : "object",
          "properties" : {
            "CLAIMCI0_CONT" : {
              "type" : "object",
              "properties" : {
                "RSP_CLAIM_CONTAINER" : {
                  "type" : "object",
                  "properties" : {
                    "RSP_CLAIM_RECORD" : {
                      "type" : "object",
                      "properties" : {
                        "ClaimID" : {
                          "type" : "string",
                          "maxLength" : 8
                        },
                        "RSP_CLAIM_DETAILS" : {
                          "type" : "object",
                          "properties" : {
                            "ClaimType" : {
                              "type" : "string",
                              "maxLength" : 8
                            },
                            "ClaimAmount" : {
                              "type" : "number",
                              "format" : "double"
                            },
                            "ServiceDate" : {
                              "type" : "string",
                              "maxLength" : 10
                            },
                            "Description" : {
                              "type" : "string",
                              "maxLength" : 21
                            },
                            "ServiceProvider" : {
                              "type" : "string",
                              "maxLength" : 21
                            },
                            "ClaimStatus" : {
                              "type" : "string",
                              "maxLength" : 4
                            }
                          }
                        }
                      }
                    },
                    "CICSResponseCode" : {
                      "type" : "integer",
                      "minimum" : -99999999,
                      "maximum" : 99999999
                    },
                    "CICSResponseCode2" : {
                      "type" : "integer",
                      "minimum" : -99999999,
                      "maximum" : 99999999
                    },
                    "OutputMessage" : {
                      "type" : "string",
                      "maxLength" : 80
                    }
                  }
                }
              }
            }
          },
          "required" : [ "CLAIMCI0_CONT" ]
        }
      }
    },
    "putCICSClaimsService_response_200" : {
      "type" : "object",
      "properties" : {
        "CICSClaimsServiceOperationResponse" : {
          "type" : "object",
          "properties" : {
            "CLAIMCI0_CONT" : {
              "type" : "object",
              "properties" : {
                "RSP_CLAIM_CONTAINER" : {
                  "type" : "object",
                  "properties" : {
                    "RSP_CLAIM_RECORD" : {
                      "type" : "object",
                      "properties" : {
                        "ClaimID" : {
                          "type" : "string",
                          "maxLength" : 8
                        },
                        "RSP_CLAIM_DETAILS" : {
                          "type" : "object",
                          "properties" : {
                            "ClaimType" : {
                              "type" : "string",
                              "maxLength" : 8
                            },
                            "ClaimAmount" : {
                              "type" : "number",
                              "format" : "double"
                            },
                            "ServiceDate" : {
                              "type" : "string",
                              "maxLength" : 10
                            },
                            "Description" : {
                              "type" : "string",
                              "maxLength" : 21
                            },
                            "ServiceProvider" : {
                              "type" : "string",
                              "maxLength" : 21
                            },
                            "ClaimStatus" : {
                              "type" : "string",
                              "maxLength" : 4
                            }
                          }
                        }
                      }
                    },
                    "CICSResponseCode" : {
                      "type" : "integer",
                      "minimum" : -99999999,
                      "maximum" : 99999999
                    },
                    "CICSResponseCode2" : {
                      "type" : "integer",
                      "minimum" : -99999999,
                      "maximum" : 99999999
                    },
                    "OutputMessage" : {
                      "type" : "string",
                      "maxLength" : 80
                    }
                  }
                }
              }
            }
          },
          "required" : [ "CLAIMCI0_CONT" ]
        }
      }
    }
  }
}